<?xml version="1.0" encoding="UTF-8"?>
<!DOCTYPE configuration PUBLIC "-//mybatis.org//DTD Config 3.0//EN" "http://mybatis.org/dtd/mybatis-3-config.dtd">
<configuration>

	<!-- 引入外部属性文件 -->
	<properties resource="jdbc.properties"/>
	
	<!-- 配置MyBatis运行环境 -->
	<environments default="development">
		<!-- 配置专门用于开发过程的运行环境 -->
		<environment id="development">
			<!-- 配置事务管理器 -->
			<transactionManager type="JDBC"/>
			<!-- 配置数据源 -->
			<dataSource type="POOLED">
				<property name="username" value="${jdbc.user}"/>
				<property name="password" value="${jdbc.password}"/>
				<property name="driver" value="${jdbc.driver}"/>
				<property name="url" value="${jdbc.url}"/>
			</dataSource>
		</environment>
	</environments>
	
	<mappers>
		<package name="com.atguigu.shop.mappers"/>
	</mappers>

</configuration>